Model,Accuracy,Top-3 Accuracy,Top-5 Accuracy,Precision,Recall,F1-Score,AUC,Training Time (s)
ResNet,0.966499162479062,0.9916247906197655,0.998324958123953,0.9688247292977094,0.966502547013395,0.9669416166714624,0.9995422286021008,2384.2637972831726
MobileNet,0.9547738693467337,0.9916247906197655,0.9966499162479062,0.9580794006697024,0.954952294931455,0.9550906827889722,0.9988069022689361,1802.7922194004059
ViT,0.8274706867671692,0.966499162479062,0.9865996649916248,0.8319085698757863,0.8271794269815349,0.8275261651041834,0.9878784464779768,3700.79424905777
Inception_v1,0.9865996649916248,1.0,1.0,0.9889896656336953,0.9860855020921061,0.9873017971539797,0.9998230209588509,426.4016864299774
VGG19_Custom,0.9782244556113903,0.9949748743718593,0.9966499162479062,0.9798956532502476,0.9771069802762941,0.9781450480927883,0.9997358264068701,1788.3014073371887
